,rescaling factor,centers
values,6799.839999999851,[ 3.49814614e+06  7.51250001e+06 -2.91021619e+02]
