,X,Y,Z,X_r,Y_r,Z_r,G_x,G_y,G_z,dip,azimuth,polarity,surface,series,id,order_series,smooth
0,3.495018e+06,7.509018e+06,-493.788820,0.361000,0.385134,0.505454,0.068202,1.023037e-01,0.992412,7.062603,33.690068,1.0,OVB,OVB_Series,1,1,0.01